{
  "properties": {
    "connectionReferences": {
      "shared_office365groups": {
        "runtimeSource": "embedded",
        "connection": {
          "connectionReferenceLogicalName": "arbimpp_sharedoffice365groups_2d0ad"
        },
        "api": {
          "name": "shared_office365groups"
        }
      }
    },
    "definition": {
      "$schema": "https://schema.management.azure.com/providers/Microsoft.Logic/schemas/2016-06-01/workflowdefinition.json#",
      "contentVersion": "1.0.0.0",
      "parameters": {
        "$connections": {
          "defaultValue": {},
          "type": "Object"
        },
        "$authentication": {
          "defaultValue": {},
          "type": "SecureObject"
        }
      },
      "triggers": {
        "manual": {
          "metadata": {
            "operationMetadataId": "53fa97f5-4598-45a4-a5e4-1361a136906c"
          },
          "type": "Request",
          "kind": "PowerAppV2",
          "inputs": {
            "schema": {
              "type": "object",
              "properties": {
                "text": {
                  "title": "Metodo",
                  "type": "string",
                  "x-ms-dynamically-added": true,
                  "description": "Insira sua entrada",
                  "x-ms-content-hint": "TEXT"
                },
                "text_1": {
                  "title": "Body",
                  "type": "string",
                  "x-ms-dynamically-added": true,
                  "description": "Insira sua entrada",
                  "x-ms-content-hint": "TEXT"
                }
              },
              "required": [
                "text",
                "text_1"
              ]
            }
          }
        }
      },
      "actions": {
        "Respond_to_a_Power_App_or_flow": {
          "runAfter": {
            "Try": [
              "Succeeded",
              "TimedOut",
              "Skipped",
              "Failed"
            ]
          },
          "metadata": {
            "operationMetadataId": "222847ba-bf5a-4e56-a7fd-0008213312d8"
          },
          "type": "Response",
          "kind": "PowerApp",
          "inputs": {
            "statusCode": 200,
            "body": {
              "statuscode": "@variables('_statusCode')",
              "response": "@{variables('_response')}",
              "mensagem": "@variables('_mensagem')"
            },
            "schema": {
              "type": "object",
              "properties": {
                "statuscode": {
                  "title": "StatusCode",
                  "x-ms-dynamically-added": true,
                  "type": "string"
                },
                "response": {
                  "title": "Response",
                  "x-ms-dynamically-added": true,
                  "type": "string"
                },
                "mensagem": {
                  "title": "Mensagem",
                  "x-ms-dynamically-added": true,
                  "type": "string"
                }
              }
            }
          }
        },
        "String_statusCode": {
          "runAfter": {},
          "metadata": {
            "operationMetadataId": "2904498b-6126-480a-a033-89661762fdda"
          },
          "type": "InitializeVariable",
          "inputs": {
            "variables": [
              {
                "name": "_statusCode",
                "type": "string",
                "value": "200"
              }
            ]
          }
        },
        "Objeto_response": {
          "runAfter": {
            "String_statusCode": [
              "Succeeded"
            ]
          },
          "metadata": {
            "operationMetadataId": "53e92952-ca4f-4ead-9563-df85d4131508"
          },
          "type": "InitializeVariable",
          "inputs": {
            "variables": [
              {
                "name": "_response",
                "type": "object",
                "value": {}
              }
            ]
          }
        },
        "String_mensagem": {
          "runAfter": {
            "Objeto_response": [
              "Succeeded"
            ]
          },
          "metadata": {
            "operationMetadataId": "8c95b1b0-7e0d-4ec9-9696-1295820eda9d"
          },
          "type": "InitializeVariable",
          "inputs": {
            "variables": [
              {
                "name": "_mensagem",
                "type": "string",
                "value": "Sucesso!"
              }
            ]
          }
        },
        "Body": {
          "runAfter": {
            "Metodo": [
              "Succeeded"
            ]
          },
          "metadata": {
            "operationMetadataId": "0cf2234a-dbeb-4ead-b933-0c59417eaaca"
          },
          "type": "Compose",
          "inputs": "@triggerBody()['text_1']"
        },
        "Try": {
          "actions": {
            "Transformar_Body_em_JSON": {
              "runAfter": {},
              "metadata": {
                "operationMetadataId": "b18a8abb-771d-41bf-a44b-f77a00ce44bc"
              },
              "type": "Compose",
              "inputs": "@json(outputs('Body'))"
            },
            "Opção_Metodo": {
              "runAfter": {
                "Transformar_Body_em_JSON": [
                  "Succeeded"
                ]
              },
              "cases": {
                "Adicionar_Usuario": {
                  "case": "Adicionar",
                  "actions": {
                    "Try_AdicionarUsuario": {
                      "actions": {
                        "Resultado_AdicionarUsuario": {
                          "runAfter": {
                            "Adicionar_membro_ao_grupo": [
                              "Succeeded"
                            ]
                          },
                          "metadata": {
                            "operationMetadataId": "02ee1e4f-1abd-4cbb-8747-81eafbd75f22"
                          },
                          "type": "SetVariable",
                          "inputs": {
                            "name": "_response",
                            "value": {
                              "usuario": "@{body('Analisar_JSON_AdicionarUsuario')?['usuario']}",
                              "grupo": "@{body('Analisar_JSON_AdicionarUsuario')?['grupo']}",
                              "mensagem": "@{variables('_mensagem')}"
                            }
                          }
                        },
                        "Analisar_JSON_AdicionarUsuario": {
                          "runAfter": {},
                          "metadata": {
                            "operationMetadataId": "9f43dbea-9989-4c0a-bef3-086e7fbcee96"
                          },
                          "type": "ParseJson",
                          "inputs": {
                            "content": "@outputs('Transformar_Body_em_JSON')",
                            "schema": {
                              "type": "object",
                              "properties": {
                                "grupo": {
                                  "type": "string"
                                },
                                "usuario": {
                                  "type": "string"
                                }
                              }
                            }
                          }
                        },
                        "Pesquisar_usuarios_statusCode_AdicionarUsuario": {
                          "runAfter": {
                            "Adicionar_membro_ao_grupo": [
                              "Succeeded",
                              "Failed",
                              "TimedOut"
                            ]
                          },
                          "metadata": {
                            "operationMetadataId": "5645c606-b520-478e-a81d-3d7e5457f351"
                          },
                          "type": "SetVariable",
                          "inputs": {
                            "name": "_statusCode",
                            "value": "@{outputs('Adicionar_membro_ao_grupo')['statusCode']}"
                          }
                        },
                        "Adicionar_membro_ao_grupo": {
                          "runAfter": {
                            "Resultado_Buscar_Grupo_adicionar_um": [
                              "Succeeded"
                            ]
                          },
                          "metadata": {
                            "operationMetadataId": "f6526bd4-bd93-465b-865d-bf02a2a1ede5"
                          },
                          "type": "OpenApiConnection",
                          "inputs": {
                            "host": {
                              "connectionName": "shared_office365groups",
                              "operationId": "AddMemberToGroup",
                              "apiId": "/providers/Microsoft.PowerApps/apis/shared_office365groups"
                            },
                            "parameters": {
                              "groupId": "@outputs('Resultado_Buscar_Grupo_adicionar_um')?['id']",
                              "userUpn": "@body('Analisar_JSON_AdicionarUsuario')?['usuario']"
                            },
                            "authentication": "@parameters('$authentication')"
                          }
                        },
                        "MensagemAdicionarUsuario_Error": {
                          "runAfter": {
                            "Adicionar_membro_ao_grupo": [
                              "TimedOut",
                              "Failed"
                            ]
                          },
                          "metadata": {
                            "operationMetadataId": "02ee1e4f-1abd-4cbb-8747-81eafbd75f22"
                          },
                          "type": "SetVariable",
                          "inputs": {
                            "name": "_mensagem",
                            "value": "@{body('Adicionar_membro_ao_grupo')?['body']?['error']?['message']}"
                          }
                        },
                        "Buscar_Grupo_adicionar_um": {
                          "runAfter": {
                            "Analisar_JSON_AdicionarUsuario": [
                              "Succeeded"
                            ]
                          },
                          "metadata": {
                            "operationMetadataId": "41e6e6f2-e3af-4c6b-bf6f-473e6dfa30c8"
                          },
                          "type": "OpenApiConnection",
                          "inputs": {
                            "host": {
                              "connectionName": "shared_office365groups",
                              "operationId": "ListGroups",
                              "apiId": "/providers/Microsoft.PowerApps/apis/shared_office365groups"
                            },
                            "parameters": {
                              "$filter": "Mail eq '@{body('Analisar_JSON_AdicionarUsuario')?['grupo']}'",
                              "$top": 1
                            },
                            "authentication": "@parameters('$authentication')"
                          }
                        },
                        "Resultado_Buscar_Grupo_adicionar_um": {
                          "runAfter": {
                            "Buscar_Grupo_adicionar_um": [
                              "Succeeded"
                            ]
                          },
                          "metadata": {
                            "operationMetadataId": "846f42fe-eb34-4bb1-b930-1b5b077b3ae1"
                          },
                          "type": "Compose",
                          "inputs": "@outputs('Buscar_Grupo_adicionar_um')?['body/value']?[0]"
                        },
                        "Resultado_Adicionar_membro_do_grupo_": {
                          "runAfter": {
                            "Resultado_AdicionarUsuario": [
                              "Succeeded",
                              "TimedOut",
                              "Skipped",
                              "Failed"
                            ]
                          },
                          "metadata": {
                            "operationMetadataId": "c3b12a7f-3274-4a21-b5e5-68459a0e4bba"
                          },
                          "type": "Compose",
                          "inputs": "@outputs('Adicionar_membro_ao_grupo')"
                        },
                        "Opção": {
                          "runAfter": {
                            "Resultado_Adicionar_membro_do_grupo_": [
                              "Succeeded"
                            ]
                          },
                          "cases": {
                            "204_No_Content": {
                              "case": 204,
                              "actions": {
                                "204_StatusCode_Adicionar_usuario_do_grupo": {
                                  "actions": {
                                    "Mensagme_204_OK_StatusCode_adicionar_usuario_do_grupo": {
                                      "runAfter": {},
                                      "metadata": {
                                        "operationMetadataId": "c615bf19-9684-449f-b38e-15c33f7d7a0a"
                                      },
                                      "type": "Compose",
                                      "inputs": "Sucesso ao adicionar o @{body('Analisar_JSON_AdicionarUsuario')?['usuario']}  do grupo @{body('Analisar_JSON_AdicionarUsuario')?['grupo']}"
                                    },
                                    "Definir_variável_Mensagem_200_OK_StatusCode_Remover_usuario_do_grupo_2": {
                                      "runAfter": {
                                        "Mensagme_204_OK_StatusCode_adicionar_usuario_do_grupo": [
                                          "Succeeded"
                                        ]
                                      },
                                      "metadata": {
                                        "operationMetadataId": "7fecaf46-6dcb-4bab-9556-e7bfb8b48be4"
                                      },
                                      "type": "SetVariable",
                                      "inputs": {
                                        "name": "_mensagem",
                                        "value": "@{outputs('Mensagme_204_OK_StatusCode_adicionar_usuario_do_grupo')}"
                                      }
                                    }
                                  },
                                  "runAfter": {},
                                  "metadata": {
                                    "operationMetadataId": "ad790f89-a2d8-44af-aefc-6ff9d1a3eb5c"
                                  },
                                  "type": "Scope"
                                }
                              }
                            }
                          },
                          "default": {
                            "actions": {
                              "Escopo_3": {
                                "actions": {},
                                "runAfter": {},
                                "metadata": {
                                  "operationMetadataId": "2391628f-4697-4699-9bed-96a8a60439ef"
                                },
                                "type": "Scope"
                              }
                            }
                          },
                          "expression": "@outputs('Adicionar_membro_ao_grupo')?['statusCode']",
                          "metadata": {
                            "operationMetadataId": "5f26bf88-62fc-4194-8c85-57316f49bfe2"
                          },
                          "type": "Switch"
                        },
                        "response_adicionar_usuario": {
                          "runAfter": {
                            "Opção": [
                              "Succeeded"
                            ]
                          },
                          "metadata": {
                            "operationMetadataId": "02ee1e4f-1abd-4cbb-8747-81eafbd75f22"
                          },
                          "type": "SetVariable",
                          "inputs": {
                            "name": "_response",
                            "value": {
                              "metodo": "@{triggerBody()['text']}",
                              "usuario": "@{body('Analisar_JSON_AdicionarUsuario')?['usuario']}",
                              "grupo": "@{body('Analisar_JSON_AdicionarUsuario')?['grupo']}",
                              "mensagem": "@{variables('_mensagem')}"
                            }
                          }
                        }
                      },
                      "runAfter": {},
                      "metadata": {
                        "operationMetadataId": "ece64a9c-1757-490b-890e-658d08215f2d"
                      },
                      "type": "Scope"
                    }
                  }
                },
                "Remover_Usuario": {
                  "case": "Remover",
                  "actions": {
                    "Try_RemoverUsuario": {
                      "actions": {
                        "Pesquisar_usuarios_statusCode_RemoverUsuario": {
                          "runAfter": {
                            "Remover_membro_do_grupo": [
                              "Succeeded",
                              "Failed",
                              "TimedOut"
                            ]
                          },
                          "metadata": {
                            "operationMetadataId": "05330629-d5dd-48cf-998b-d1c21472ef85"
                          },
                          "type": "SetVariable",
                          "inputs": {
                            "name": "_statusCode",
                            "value": "@{outputs('Remover_membro_do_grupo')?['statusCode']}"
                          }
                        },
                        "Analisar_JSON_RemoverUsuario": {
                          "runAfter": {},
                          "metadata": {
                            "operationMetadataId": "1cfdae07-616d-43f0-8ddd-12c1bd5bf7ca"
                          },
                          "type": "ParseJson",
                          "inputs": {
                            "content": "@outputs('Transformar_Body_em_JSON')",
                            "schema": {
                              "type": "object",
                              "properties": {
                                "grupo": {
                                  "type": "string"
                                },
                                "usuario": {
                                  "type": "string"
                                }
                              }
                            }
                          }
                        },
                        "Remover_membro_do_grupo": {
                          "runAfter": {
                            "Atraso_20_segundos": [
                              "Succeeded"
                            ]
                          },
                          "metadata": {
                            "operationMetadataId": "8a17dbb5-24ec-4822-8d92-e32ad4c732d0"
                          },
                          "type": "OpenApiConnection",
                          "inputs": {
                            "host": {
                              "connectionName": "shared_office365groups",
                              "operationId": "RemoveMemberFromGroup",
                              "apiId": "/providers/Microsoft.PowerApps/apis/shared_office365groups"
                            },
                            "parameters": {
                              "groupId": "@outputs('Resultado_Buscar_Grupo_remover_um')?['id']",
                              "userUpn": "@body('Analisar_JSON_RemoverUsuario')?['usuario']"
                            },
                            "authentication": "@parameters('$authentication')",
                            "retryPolicy": {
                              "type": "none"
                            }
                          }
                        },
                        "Atraso_20_segundos": {
                          "runAfter": {
                            "Resultado_Buscar_Grupo_remover_um": [
                              "Succeeded"
                            ]
                          },
                          "metadata": {
                            "operationMetadataId": "d67a4396-5de0-416d-b812-140dd77eebc2"
                          },
                          "type": "Wait",
                          "inputs": {
                            "interval": {
                              "count": 20,
                              "unit": "Second"
                            }
                          }
                        },
                        "Resultado_RemoverUsuario": {
                          "runAfter": {
                            "Remover_membro_do_grupo": [
                              "Succeeded"
                            ]
                          },
                          "metadata": {
                            "operationMetadataId": "3c33a2f6-a72a-47ce-bce5-3a40572ce227"
                          },
                          "type": "SetVariable",
                          "inputs": {
                            "name": "_response",
                            "value": {}
                          }
                        },
                        "Mensagem_RemoverUsuario": {
                          "runAfter": {
                            "Remover_membro_do_grupo": [
                              "Failed",
                              "TimedOut"
                            ]
                          },
                          "metadata": {
                            "operationMetadataId": "3c33a2f6-a72a-47ce-bce5-3a40572ce227"
                          },
                          "type": "SetVariable",
                          "inputs": {
                            "name": "_mensagem",
                            "value": "@outputs('Remover_membro_do_grupo')?['body']?['error']?['message']"
                          }
                        },
                        "Buscar_Grupo_remover_um": {
                          "runAfter": {
                            "Analisar_JSON_RemoverUsuario": [
                              "Succeeded"
                            ]
                          },
                          "metadata": {
                            "operationMetadataId": "41e6e6f2-e3af-4c6b-bf6f-473e6dfa30c8"
                          },
                          "type": "OpenApiConnection",
                          "inputs": {
                            "host": {
                              "connectionName": "shared_office365groups",
                              "operationId": "ListGroups",
                              "apiId": "/providers/Microsoft.PowerApps/apis/shared_office365groups"
                            },
                            "parameters": {
                              "$filter": "Mail eq '@{body('Analisar_JSON_RemoverUsuario')?['grupo']}'",
                              "$top": 1
                            },
                            "authentication": "@parameters('$authentication')"
                          }
                        },
                        "Resultado_Buscar_Grupo_remover_um": {
                          "runAfter": {
                            "Buscar_Grupo_remover_um": [
                              "Succeeded"
                            ]
                          },
                          "metadata": {
                            "operationMetadataId": "846f42fe-eb34-4bb1-b930-1b5b077b3ae1"
                          },
                          "type": "Compose",
                          "inputs": "@outputs('Buscar_Grupo_remover_um')?['body/value']?[0]"
                        },
                        "StatusCode_Remover_usuario_do_grupo": {
                          "runAfter": {
                            "Resultado_Remover_membro_do_grupo": [
                              "Succeeded"
                            ]
                          },
                          "cases": {
                            "204_NO_CONTENT": {
                              "case": 204,
                              "actions": {
                                "200_StatusCode_Remover_usuario_do_grupo": {
                                  "actions": {
                                    "Mensagme_200_OK_StatusCode_Remover_usuario_do_grupo": {
                                      "runAfter": {},
                                      "metadata": {
                                        "operationMetadataId": "c615bf19-9684-449f-b38e-15c33f7d7a0a"
                                      },
                                      "type": "Compose",
                                      "inputs": "Sucesso ao remover o @{body('Analisar_JSON_RemoverUsuario')?['usuario']}  do grupo @{body('Analisar_JSON_RemoverUsuario')?['grupo']}"
                                    },
                                    "Definir_variável_Mensagem_200_OK_StatusCode_Remover_usuario_do_grupo": {
                                      "runAfter": {
                                        "Mensagme_200_OK_StatusCode_Remover_usuario_do_grupo": [
                                          "Succeeded"
                                        ]
                                      },
                                      "metadata": {
                                        "operationMetadataId": "7fecaf46-6dcb-4bab-9556-e7bfb8b48be4"
                                      },
                                      "type": "SetVariable",
                                      "inputs": {
                                        "name": "_mensagem",
                                        "value": "@{outputs('Mensagme_200_OK_StatusCode_Remover_usuario_do_grupo')}"
                                      }
                                    }
                                  },
                                  "runAfter": {},
                                  "metadata": {
                                    "operationMetadataId": "ad790f89-a2d8-44af-aefc-6ff9d1a3eb5c"
                                  },
                                  "type": "Scope"
                                }
                              }
                            },
                            "NOT_FOUND_404_StatusCode_Remover_usuario_do_grupo": {
                              "case": 404,
                              "actions": {
                                "404_StatusCode_Remover_usuario_do_grupo": {
                                  "actions": {
                                    "Mensagme_404_NOT_FOUND": {
                                      "runAfter": {},
                                      "metadata": {
                                        "operationMetadataId": "8e79239b-8729-4e81-a070-bba2f663a250"
                                      },
                                      "type": "Compose",
                                      "inputs": "O Usuario @{body('Analisar_JSON_RemoverUsuario')?['usuario']} não foi encontrado no grupo @{body('Analisar_JSON_RemoverUsuario')?['grupo']}"
                                    },
                                    "Definir_variável_Mensagem_404_NOT_FOUNDStatusCode_Remover_usuario_do_grupo_2": {
                                      "runAfter": {
                                        "Mensagme_404_NOT_FOUND": [
                                          "Succeeded"
                                        ]
                                      },
                                      "metadata": {
                                        "operationMetadataId": "dcd71d49-1a5c-499b-a46e-809dec7e1607"
                                      },
                                      "type": "SetVariable",
                                      "inputs": {
                                        "name": "_mensagem",
                                        "value": "@{outputs('Mensagme_404_NOT_FOUND')}"
                                      }
                                    }
                                  },
                                  "runAfter": {},
                                  "metadata": {
                                    "operationMetadataId": "ce717b56-799d-4e2a-9a91-8262f9366e27"
                                  },
                                  "type": "Scope"
                                }
                              }
                            }
                          },
                          "default": {
                            "actions": {
                              "Escopo": {
                                "actions": {
                                  "Definir_variável_Mensagem_Erro_inesperado": {
                                    "runAfter": {},
                                    "metadata": {
                                      "operationMetadataId": "fc2b5ae9-4b2f-4d85-9c35-989d70a60a53"
                                    },
                                    "type": "SetVariable",
                                    "inputs": {
                                      "name": "_mensagem",
                                      "value": "Erro inesperado!"
                                    }
                                  }
                                },
                                "runAfter": {},
                                "metadata": {
                                  "operationMetadataId": "accb9f32-97ce-4ee1-9228-1642407c3a73"
                                },
                                "type": "Scope"
                              }
                            }
                          },
                          "expression": "@outputs('Remover_membro_do_grupo')?['statusCode']",
                          "metadata": {
                            "operationMetadataId": "b69be1ad-81d1-4b4b-b365-53380400bf9e"
                          },
                          "type": "Switch"
                        },
                        "Resultado_Remover_membro_do_grupo": {
                          "runAfter": {
                            "Resultado_RemoverUsuario": [
                              "Succeeded",
                              "TimedOut",
                              "Skipped",
                              "Failed"
                            ]
                          },
                          "metadata": {
                            "operationMetadataId": "c3b12a7f-3274-4a21-b5e5-68459a0e4bba"
                          },
                          "type": "Compose",
                          "inputs": "@outputs('Remover_membro_do_grupo')"
                        },
                        "response_remover_usuario": {
                          "runAfter": {
                            "StatusCode_Remover_usuario_do_grupo": [
                              "Succeeded"
                            ]
                          },
                          "metadata": {
                            "operationMetadataId": "02ee1e4f-1abd-4cbb-8747-81eafbd75f22"
                          },
                          "type": "SetVariable",
                          "inputs": {
                            "name": "_response",
                            "value": {
                              "metodo": "@{triggerBody()['text']}",
                              "usuario": "@{body('Analisar_JSON_RemoverUsuario')?['usuario']}",
                              "grupo": "@{body('Analisar_JSON_RemoverUsuario')?['grupo']}",
                              "mensagem": "@{variables('_mensagem')}"
                            }
                          }
                        }
                      },
                      "runAfter": {},
                      "metadata": {
                        "operationMetadataId": "30f9030f-3dd5-46af-b969-17758dc80c6b"
                      },
                      "type": "Scope"
                    }
                  }
                },
                "Buscar_Grupos": {
                  "case": "BuscarGrupos",
                  "actions": {
                    "Try_BuscarGrupos": {
                      "actions": {
                        "Analisar_JSON_BuscarGrupos": {
                          "runAfter": {},
                          "metadata": {
                            "operationMetadataId": "18ee839a-a8e9-4004-88dd-fca0e4c6bf07"
                          },
                          "type": "ParseJson",
                          "inputs": {
                            "content": "@outputs('Transformar_Body_em_JSON')",
                            "schema": {
                              "type": "object",
                              "properties": {
                                "queryOdata": {
                                  "type": "string"
                                }
                              }
                            }
                          }
                        },
                        "Resultado_BuscarGrupos": {
                          "runAfter": {
                            "Listar_grupos": [
                              "Succeeded",
                              "Failed"
                            ]
                          },
                          "metadata": {
                            "operationMetadataId": "fff00edd-0e7a-4220-8b8c-02d791d3cdf7"
                          },
                          "type": "SetVariable",
                          "inputs": {
                            "name": "_response",
                            "value": "@body('Listar_grupos')"
                          }
                        },
                        "statusCode_BuscarGrupos": {
                          "runAfter": {
                            "Listar_grupos": [
                              "Succeeded",
                              "Failed",
                              "TimedOut"
                            ]
                          },
                          "metadata": {
                            "operationMetadataId": "dbde9278-eab0-43c7-a2c7-fa9fb08b9b4f"
                          },
                          "type": "SetVariable",
                          "inputs": {
                            "name": "_statusCode",
                            "value": "@{outputs('Listar_grupos')['statusCode']}"
                          }
                        },
                        "Listar_grupos": {
                          "runAfter": {
                            "Listar_os_grupos_que_tenho": [
                              "Succeeded"
                            ]
                          },
                          "metadata": {
                            "operationMetadataId": "5ffc4420-2726-43bb-b40b-65d96acac177"
                          },
                          "type": "OpenApiConnection",
                          "inputs": {
                            "host": {
                              "connectionName": "shared_office365groups",
                              "operationId": "ListGroups",
                              "apiId": "/providers/Microsoft.PowerApps/apis/shared_office365groups"
                            },
                            "parameters": {
                              "$filter": "@body('Analisar_JSON_BuscarGrupos')?['queryOdata']",
                              "$top": 100
                            },
                            "authentication": "@parameters('$authentication')"
                          }
                        },
                        "Mensagem_BuscarGrupos": {
                          "runAfter": {
                            "Listar_grupos": [
                              "Failed",
                              "TimedOut"
                            ]
                          },
                          "metadata": {
                            "operationMetadataId": "fff00edd-0e7a-4220-8b8c-02d791d3cdf7"
                          },
                          "type": "SetVariable",
                          "inputs": {
                            "name": "_mensagem",
                            "value": "@{body('Listar_grupos')?['body']?['error']?['message']}"
                          }
                        },
                        "Listar_os_grupos_que_tenho": {
                          "runAfter": {
                            "Analisar_JSON_BuscarGrupos": [
                              "Succeeded"
                            ]
                          },
                          "metadata": {
                            "operationMetadataId": "e054f508-015f-401a-8480-6a0da8cf58f3"
                          },
                          "type": "OpenApiConnection",
                          "inputs": {
                            "host": {
                              "connectionName": "shared_office365groups",
                              "operationId": "ListOwnedGroups",
                              "apiId": "/providers/Microsoft.PowerApps/apis/shared_office365groups"
                            },
                            "parameters": {},
                            "authentication": "@parameters('$authentication')"
                          }
                        }
                      },
                      "runAfter": {},
                      "metadata": {
                        "operationMetadataId": "4826f520-d44e-43bc-8f9e-22f34a089548"
                      },
                      "type": "Scope"
                    }
                  }
                },
                "Adicionar_Varios": {
                  "case": "AdicionarVarios",
                  "actions": {
                    "TryAdicionarVarios": {
                      "actions": {
                        "Aplicar_a_cada": {
                          "foreach": "@outputs('Transformar_Body_em_JSON')",
                          "actions": {
                            "Try_AdicionarUsuario_2": {
                              "actions": {
                                "mensagem_sucesso": {
                                  "runAfter": {
                                    "Adicionar_membro_ao_grupo_2": [
                                      "Succeeded"
                                    ]
                                  },
                                  "metadata": {
                                    "operationMetadataId": "02ee1e4f-1abd-4cbb-8747-81eafbd75f22"
                                  },
                                  "type": "SetVariable",
                                  "inputs": {
                                    "name": "_mensagem",
                                    "value": "Adicionado com sucesso!"
                                  }
                                },
                                "Pesquisar_usuarios_statusCode_AdicionarUsuario_2": {
                                  "runAfter": {
                                    "Adicionar_membro_ao_grupo_2": [
                                      "Succeeded",
                                      "Failed",
                                      "TimedOut"
                                    ]
                                  },
                                  "metadata": {
                                    "operationMetadataId": "5645c606-b520-478e-a81d-3d7e5457f351"
                                  },
                                  "type": "SetVariable",
                                  "inputs": {
                                    "name": "_statusCode",
                                    "value": "@{outputs('Adicionar_membro_ao_grupo_2')['statusCode']}"
                                  }
                                },
                                "Adicionar_membro_ao_grupo_2": {
                                  "runAfter": {
                                    "Compor": [
                                      "Succeeded"
                                    ]
                                  },
                                  "metadata": {
                                    "operationMetadataId": "f6526bd4-bd93-465b-865d-bf02a2a1ede5"
                                  },
                                  "type": "OpenApiConnection",
                                  "inputs": {
                                    "host": {
                                      "connectionName": "shared_office365groups",
                                      "operationId": "AddMemberToGroup",
                                      "apiId": "/providers/Microsoft.PowerApps/apis/shared_office365groups"
                                    },
                                    "parameters": {
                                      "groupId": "@outputs('Buscar_Grupo')?['body/value']?[0]?['id']",
                                      "userUpn": "@body('Analisar_JSON_AdicionarUsuario_2')?['usuario']"
                                    },
                                    "authentication": "@parameters('$authentication')"
                                  }
                                },
                                "MensagemAdicionarUsuario_Error_2": {
                                  "runAfter": {
                                    "Adicionar_membro_ao_grupo_2": [
                                      "TimedOut",
                                      "Failed"
                                    ]
                                  },
                                  "metadata": {
                                    "operationMetadataId": "02ee1e4f-1abd-4cbb-8747-81eafbd75f22"
                                  },
                                  "type": "SetVariable",
                                  "inputs": {
                                    "name": "_mensagem",
                                    "value": "@{body('Adicionar_membro_ao_grupo_2')?['body']?['error']?['message']}"
                                  }
                                },
                                "Item_Adicionar": {
                                  "runAfter": {},
                                  "metadata": {
                                    "operationMetadataId": "d472cf35-8893-442c-b123-0804454d2e19"
                                  },
                                  "type": "Compose",
                                  "inputs": "@items('Aplicar_a_cada')"
                                },
                                "Analisar_JSON_AdicionarUsuario_2": {
                                  "runAfter": {
                                    "Item_Adicionar": [
                                      "Succeeded"
                                    ]
                                  },
                                  "metadata": {
                                    "operationMetadataId": "9f43dbea-9989-4c0a-bef3-086e7fbcee96"
                                  },
                                  "type": "ParseJson",
                                  "inputs": {
                                    "content": "@outputs('Item_Adicionar')",
                                    "schema": {
                                      "type": "object",
                                      "properties": {
                                        "usuario": {
                                          "type": "string"
                                        },
                                        "grupo": {
                                          "type": "string"
                                        }
                                      }
                                    }
                                  }
                                },
                                "Buscar_Grupo": {
                                  "runAfter": {
                                    "Analisar_JSON_AdicionarUsuario_2": [
                                      "Succeeded"
                                    ]
                                  },
                                  "metadata": {
                                    "operationMetadataId": "41e6e6f2-e3af-4c6b-bf6f-473e6dfa30c8"
                                  },
                                  "type": "OpenApiConnection",
                                  "inputs": {
                                    "host": {
                                      "connectionName": "shared_office365groups",
                                      "operationId": "ListGroups",
                                      "apiId": "/providers/Microsoft.PowerApps/apis/shared_office365groups"
                                    },
                                    "parameters": {
                                      "$filter": "Mail eq '@{body('Analisar_JSON_AdicionarUsuario_2')?['grupo']}'",
                                      "$top": 1
                                    },
                                    "authentication": "@parameters('$authentication')"
                                  }
                                },
                                "Compor": {
                                  "runAfter": {
                                    "Buscar_Grupo": [
                                      "Succeeded"
                                    ]
                                  },
                                  "metadata": {
                                    "operationMetadataId": "846f42fe-eb34-4bb1-b930-1b5b077b3ae1"
                                  },
                                  "type": "Compose",
                                  "inputs": "@outputs('Buscar_Grupo')?['body/value']?[0]"
                                },
                                "Montar_resultado": {
                                  "runAfter": {
                                    "mensagem_sucesso": [
                                      "Succeeded"
                                    ],
                                    "Pesquisar_usuarios_statusCode_AdicionarUsuario_2": [
                                      "Succeeded"
                                    ],
                                    "MensagemAdicionarUsuario_Error_2": [
                                      "Succeeded"
                                    ]
                                  },
                                  "metadata": {
                                    "operationMetadataId": "9e3c76fd-e7bb-4db3-989f-615515002e63"
                                  },
                                  "type": "Compose",
                                  "inputs": {
                                    "mensagem": "@{variables('_mensagem')}",
                                    "statusCode": "@{variables('_statusCode')}"
                                  }
                                },
                                "Acrescentar_à_variável_de_matriz": {
                                  "runAfter": {
                                    "Montar_resultado": [
                                      "Succeeded"
                                    ]
                                  },
                                  "metadata": {
                                    "operationMetadataId": "6cc5ef2c-3ba0-481c-8cee-b28229bea977"
                                  },
                                  "type": "AppendToArrayVariable",
                                  "inputs": {
                                    "name": "_arrGenerico",
                                    "value": "@outputs('Montar_resultado')"
                                  }
                                }
                              },
                              "runAfter": {},
                              "metadata": {
                                "operationMetadataId": "ece64a9c-1757-490b-890e-658d08215f2d"
                              },
                              "type": "Scope"
                            }
                          },
                          "runAfter": {},
                          "metadata": {
                            "operationMetadataId": "10af3aa9-403c-4f2b-af57-500505b7e764"
                          },
                          "type": "Foreach"
                        },
                        "Criar_Tabela_CSV": {
                          "runAfter": {
                            "Aplicar_a_cada": [
                              "Succeeded"
                            ]
                          },
                          "metadata": {
                            "operationMetadataId": "89417e82-2071-43dd-ac6f-7b046d5ecd78"
                          },
                          "type": "Table",
                          "inputs": {
                            "from": "@variables('_arrGenerico')",
                            "format": "CSV"
                          }
                        }
                      },
                      "runAfter": {},
                      "metadata": {
                        "operationMetadataId": "d13aa783-a301-4c39-9b47-e2e76d1892fd"
                      },
                      "type": "Scope"
                    }
                  }
                }
              },
              "default": {
                "actions": {
                  "Try_Padrao": {
                    "actions": {
                      "statusCode_metodo_padrao": {
                        "runAfter": {},
                        "metadata": {
                          "operationMetadataId": "dbde9278-eab0-43c7-a2c7-fa9fb08b9b4f"
                        },
                        "type": "SetVariable",
                        "inputs": {
                          "name": "_statusCode",
                          "value": "404"
                        }
                      },
                      "response_metodo_padrao": {
                        "runAfter": {
                          "statusCode_metodo_padrao": [
                            "Succeeded"
                          ]
                        },
                        "metadata": {
                          "operationMetadataId": "fff00edd-0e7a-4220-8b8c-02d791d3cdf7"
                        },
                        "type": "SetVariable",
                        "inputs": {
                          "name": "_response",
                          "value": {}
                        }
                      },
                      "mensagem_metodo_padrao": {
                        "runAfter": {
                          "response_metodo_padrao": [
                            "Succeeded"
                          ]
                        },
                        "metadata": {
                          "operationMetadataId": "dbde9278-eab0-43c7-a2c7-fa9fb08b9b4f"
                        },
                        "type": "SetVariable",
                        "inputs": {
                          "name": "_mensagem",
                          "value": "\"Método não encontrado!\""
                        }
                      }
                    },
                    "runAfter": {},
                    "metadata": {
                      "operationMetadataId": "cf390917-8b99-42f6-bbcf-440681a619cd"
                    },
                    "type": "Scope"
                  }
                }
              },
              "expression": "@triggerBody()['text']",
              "metadata": {
                "operationMetadataId": "c30aba29-f529-48c6-8090-fdf10e72e973"
              },
              "type": "Switch"
            }
          },
          "runAfter": {
            "Body": [
              "Succeeded"
            ]
          },
          "metadata": {
            "operationMetadataId": "f81a47a2-f743-45f3-88f7-e3b28b9daa06"
          },
          "type": "Scope"
        },
        "Metodo": {
          "runAfter": {
            "Inicializar_variável;_arrGenerico": [
              "Succeeded"
            ]
          },
          "metadata": {
            "operationMetadataId": "374f276f-feb7-4649-a437-b91b8d63f09c"
          },
          "type": "Compose",
          "inputs": "@triggerBody()['text_1']"
        },
        "Inicializar_variável;_arrGenerico": {
          "runAfter": {
            "String_mensagem": [
              "Succeeded"
            ]
          },
          "metadata": {
            "operationMetadataId": "b27be4b6-b965-45de-a6da-159502261736"
          },
          "type": "InitializeVariable",
          "inputs": {
            "variables": [
              {
                "name": "_arrGenerico",
                "type": "array"
              }
            ]
          }
        }
      }
    },
    "templateName": ""
  },
  "schemaVersion": "1.0.0.0"
}