{
  "properties": {
    "connectionReferences": {
      "shared_office365": {
        "runtimeSource": "embedded",
        "connection": {
          "connectionReferenceLogicalName": "new_sharedoffice365_d75a8"
        },
        "api": {
          "name": "shared_office365"
        }
      },
      "shared_sharepointonline": {
        "runtimeSource": "embedded",
        "connection": {
          "connectionReferenceLogicalName": "arbimpp_GerenciadordeUsuarioADSharepoint"
        },
        "api": {
          "name": "shared_sharepointonline"
        }
      },
      "shared_excelonlinebusiness": {
        "runtimeSource": "embedded",
        "connection": {
          "connectionReferenceLogicalName": "arbimpp_ExcelOnlineBusinessNaoPerturbe"
        },
        "api": {
          "name": "shared_excelonlinebusiness"
        }
      }
    },
    "definition": {
      "$schema": "https://schema.management.azure.com/providers/Microsoft.Logic/schemas/2016-06-01/workflowdefinition.json#",
      "contentVersion": "1.0.0.0",
      "parameters": {
        "$connections": {
          "defaultValue": {},
          "type": "Object"
        },
        "$authentication": {
          "defaultValue": {},
          "type": "SecureObject"
        }
      },
      "triggers": {
        "Quando_um_novo_email_é_recebido_(V3)": {
          "splitOn": "@triggerOutputs()?['body/value']",
          "metadata": {
            "Id::AAMkADgyYzZlOTNhLTQ1ODUtNDBiMC1iNmU0LWFkNGFkOTE1NWRhYgAuAAAAAADnAvszUM0-SKzXe5eUEZ4GAQBSKIP8V1DYTZ_C2xwqGY5kAAFpghF0AAA=": "Gerenciar Usuario AD",
            "operationMetadataId": "27a36cd5-10bc-4625-ae87-44c9c16ed1ba"
          },
          "type": "OpenApiConnectionNotification",
          "inputs": {
            "host": {
              "connectionName": "shared_office365",
              "operationId": "OnNewEmailV3",
              "apiId": "/providers/Microsoft.PowerApps/apis/shared_office365"
            },
            "parameters": {
              "folderPath": "Id::AAMkADgyYzZlOTNhLTQ1ODUtNDBiMC1iNmU0LWFkNGFkOTE1NWRhYgAuAAAAAADnAvszUM0-SKzXe5eUEZ4GAQBSKIP8V1DYTZ_C2xwqGY5kAAFpghF0AAA=",
              "includeAttachments": false,
              "importance": "Any",
              "fetchOnlyWithAttachment": false
            },
            "authentication": "@parameters('$authentication')"
          }
        }
      },
      "actions": {
        "Log:_Sucesso": {
          "runAfter": {
            "Aplicar_a_cada_arquivo_xlsx": [
              "Succeeded"
            ]
          },
          "metadata": {
            "operationMetadataId": "63589ce9-376b-48f8-a16f-0056eef3d0b9"
          },
          "type": "Compose",
          "inputs": "dcvbnm,.;"
        },
        "Aplicar_a_cada_arquivo_xlsx": {
          "foreach": "@outputs('Primeiro_item_do_Resultado_Filtrar_arquivo_xlsx_excel')",
          "actions": {
            "Exibir_item_Anexo": {
              "runAfter": {},
              "metadata": {
                "operationMetadataId": "ca67d383-0e68-4bf3-a65a-a20fd9c2f313"
              },
              "type": "Compose",
              "inputs": "@items('Aplicar_a_cada_arquivo_xlsx')"
            },
            "Obter_Anexo_(V2)": {
              "runAfter": {
                "Exibir_item_Anexo": [
                  "Succeeded"
                ]
              },
              "metadata": {
                "operationMetadataId": "6e7cf084-3d97-451e-9ed9-31fcbf09c9a6"
              },
              "type": "OpenApiConnection",
              "inputs": {
                "host": {
                  "connectionName": "shared_office365",
                  "operationId": "GetAttachment_V2",
                  "apiId": "/providers/Microsoft.PowerApps/apis/shared_office365"
                },
                "parameters": {
                  "messageId": "@triggerOutputs()?['body/id']",
                  "attachmentId": "@items('Aplicar_a_cada_arquivo_xlsx')?['id']"
                },
                "authentication": "@parameters('$authentication')"
              }
            },
            "Criar_arquivo": {
              "runAfter": {
                "Obter_Anexo_(V2)": [
                  "Succeeded"
                ]
              },
              "metadata": {
                "operationMetadataId": "51d1eda2-eba1-4377-a497-da2e1214b340"
              },
              "type": "OpenApiConnection",
              "inputs": {
                "host": {
                  "connectionName": "shared_sharepointonline",
                  "operationId": "CreateFile",
                  "apiId": "/providers/Microsoft.PowerApps/apis/shared_sharepointonline"
                },
                "parameters": {
                  "dataset": "https://bancoarbi.sharepoint.com/sites/GerenciarUsuarioAD",
                  "folderPath": "/Documentos Compartilhados",
                  "name": "@{outputs('Nome_arquivo_temporario')}.xlsx",
                  "body": "@outputs('Obter_Anexo_(V2)')?['body/contentBytes']"
                },
                "authentication": "@parameters('$authentication')"
              },
              "runtimeConfiguration": {
                "contentTransfer": {
                  "transferMode": "Chunked"
                }
              }
            },
            "Enviar_um_email_(V2)_e-mail_sucesso": {
              "runAfter": {
                "Analisar_JSON_e-mail_sucesso": [
                  "Succeeded"
                ]
              },
              "metadata": {
                "operationMetadataId": "94a980eb-f45d-4ee3-ad4a-c9588b2725c0"
              },
              "type": "OpenApiConnection",
              "inputs": {
                "host": {
                  "connectionName": "shared_office365",
                  "operationId": "SendEmailV2",
                  "apiId": "/providers/Microsoft.PowerApps/apis/shared_office365"
                },
                "parameters": {
                  "emailMessage/To": "@body('Analisar_JSON_e-mail_sucesso')?['destinatario']",
                  "emailMessage/Subject": "@body('Analisar_JSON_e-mail_sucesso')?['title']",
                  "emailMessage/Body": "<p>Olá Prezados, segue abaixo os resultados da solicitação.<br>\n@{body('Criar_Tabela_HTML')}</p>",
                  "emailMessage/Importance": "Normal"
                },
                "authentication": "@parameters('$authentication')"
              }
            },
            "Analisar_JSON_e-mail_sucesso": {
              "runAfter": {
                "Montar_JSON_e-mail_sucesso": [
                  "Succeeded"
                ]
              },
              "metadata": {
                "operationMetadataId": "9260f0d3-7668-4508-bb2c-ab747688464a"
              },
              "type": "ParseJson",
              "inputs": {
                "content": "@outputs('Montar_JSON_e-mail_sucesso')",
                "schema": {
                  "type": "object",
                  "properties": {
                    "destinatario": {
                      "type": "string"
                    },
                    "title": {
                      "type": "string"
                    }
                  }
                }
              }
            },
            "Montar_JSON_e-mail_sucesso": {
              "runAfter": {
                "Criar_Tabela_HTML": [
                  "Succeeded"
                ]
              },
              "metadata": {
                "operationMetadataId": "590f405b-5e93-4fb6-adfb-b70f4b5e5db8"
              },
              "type": "Compose",
              "inputs": {
                "destinatario": "@{triggerOutputs()?['body/from']}",
                "title": "Solicitação para Gerentiar Usuario no AD "
              }
            },
            "Criar_Tabela_HTML": {
              "runAfter": {
                "Aplicar_a_cada_usuario_do_arquivo": [
                  "Succeeded"
                ]
              },
              "metadata": {
                "operationMetadataId": "53d879d5-cf92-47e4-8e9d-392741214b74"
              },
              "type": "Table",
              "inputs": {
                "from": "@variables('_arrGenerico')",
                "format": "HTML"
              }
            },
            "Montar_string_de_caminho_do_arquivo_temporario": {
              "runAfter": {
                "Criar_arquivo": [
                  "Succeeded"
                ]
              },
              "metadata": {
                "operationMetadataId": "c20f027a-0708-4785-88c8-c0554a72ba48"
              },
              "type": "Compose",
              "inputs": "/Documentos Compartilhados/@{outputs('Nome_arquivo_temporario')}.xlsx"
            },
            "Obter_tabelas": {
              "runAfter": {
                "Montar_string_de_caminho_do_arquivo_temporario": [
                  "Succeeded"
                ]
              },
              "metadata": {
                "operationMetadataId": "5eaada09-4ded-4970-ab9d-9d58b186c5bc",
                "tableId": null
              },
              "type": "OpenApiConnection",
              "inputs": {
                "host": {
                  "connectionName": "shared_excelonlinebusiness",
                  "operationId": "GetTables",
                  "apiId": "/providers/Microsoft.PowerApps/apis/shared_excelonlinebusiness"
                },
                "parameters": {
                  "source": "sites/bancoarbi.sharepoint.com,08b7fd35-3db0-4d85-9450-196a4a5e6b7c,4abefba2-7b9f-4787-a06e-790215ea5940",
                  "drive": "b!Nf23CLA9hU2UUBlqSl5rfKL7vkqfe4dHoG55AhXqWUDo9k2qLYdxSLA0sNxObHt5",
                  "file": "@outputs('Montar_string_de_caminho_do_arquivo_temporario')"
                },
                "authentication": "@parameters('$authentication')"
              }
            },
            "Resultado_primeira_tabela": {
              "runAfter": {
                "Obter_tabelas": [
                  "Succeeded"
                ]
              },
              "metadata": {
                "operationMetadataId": "dad9fd40-975c-40d0-8585-76328ce3a382"
              },
              "type": "Compose",
              "inputs": "@outputs('Obter_tabelas')?['body/value']?[0]"
            },
            "Listar_linhas_presentes_em_uma_tabela": {
              "runAfter": {
                "Resultado_primeira_tabela": [
                  "Succeeded"
                ]
              },
              "metadata": {
                "operationMetadataId": "ca7dc0ed-3029-47e8-aabe-c8c0fd8a4db8",
                "tableId": "@outputs('Resultado_primeira_tabela')?['id']"
              },
              "type": "OpenApiConnection",
              "inputs": {
                "host": {
                  "connectionName": "shared_excelonlinebusiness",
                  "operationId": "GetItems",
                  "apiId": "/providers/Microsoft.PowerApps/apis/shared_excelonlinebusiness"
                },
                "parameters": {
                  "source": "sites/bancoarbi.sharepoint.com,08b7fd35-3db0-4d85-9450-196a4a5e6b7c,4abefba2-7b9f-4787-a06e-790215ea5940",
                  "drive": "b!Nf23CLA9hU2UUBlqSl5rfKL7vkqfe4dHoG55AhXqWUDo9k2qLYdxSLA0sNxObHt5",
                  "file": "@outputs('Montar_string_de_caminho_do_arquivo_temporario')",
                  "table": "@outputs('Resultado_primeira_tabela')?['id']"
                },
                "authentication": "@parameters('$authentication')"
              }
            },
            "Selecionar_campos_importantes": {
              "runAfter": {
                "Listar_linhas_presentes_em_uma_tabela": [
                  "Succeeded"
                ]
              },
              "metadata": {
                "operationMetadataId": "6ee8875c-53e8-44d3-aca4-baf1c80f554b"
              },
              "type": "Select",
              "inputs": {
                "from": "@outputs('Listar_linhas_presentes_em_uma_tabela')?['body/value']",
                "select": {
                  "acao": "@item()?['ação']",
                  "usuario": "@item()?['Usuário']",
                  "grupo": "@item()?['Grupo']"
                }
              }
            },
            "Resultado_array_campos_selecionados": {
              "runAfter": {
                "Selecionar_campos_importantes": [
                  "Succeeded"
                ]
              },
              "metadata": {
                "operationMetadataId": "5c546ba6-9afc-4576-be93-a7e8bedd0c1a"
              },
              "type": "Compose",
              "inputs": "@body('Selecionar_campos_importantes')"
            },
            "Aplicar_a_cada_usuario_do_arquivo": {
              "foreach": "@outputs('Resultado_array_campos_selecionados')",
              "actions": {
                "Execucao_de_cada_item_do_array_usuarios": {
                  "actions": {
                    "Exibir_item_atual": {
                      "runAfter": {},
                      "metadata": {
                        "operationMetadataId": "85246f79-813a-45bf-b645-1a06cb5d048c"
                      },
                      "type": "Compose",
                      "inputs": "@items('Aplicar_a_cada_usuario_do_arquivo')"
                    },
                    "Criar_historico_solicitacao": {
                      "runAfter": {
                        "Analisar_JSON_do_usuario_atual": [
                          "Succeeded"
                        ]
                      },
                      "metadata": {
                        "operationMetadataId": "61115cf8-351a-4a59-b55f-dd3414b0216f"
                      },
                      "type": "OpenApiConnection",
                      "inputs": {
                        "host": {
                          "connectionName": "shared_sharepointonline",
                          "operationId": "PostItem",
                          "apiId": "/providers/Microsoft.PowerApps/apis/shared_sharepointonline"
                        },
                        "parameters": {
                          "dataset": "https://bancoarbi.sharepoint.com/sites/GerenciarUsuarioAD",
                          "table": "@variables('_tablesharepointHistorico')",
                          "item": {
                            "Title": "@{triggerOutputs()?['body/subject']}",
                            "Remetente": "@{triggerOutputs()?['body/from']}",
                            "SolicitadoPorEmail": false,
                            "StatusExecucao": {
                              "Value": "Pendente"
                            },
                            "Usuario": "@{body('Analisar_JSON_do_usuario_atual')?['usuario']}",
                            "Grupo": "@{body('Analisar_JSON_do_usuario_atual')?['grupo']}",
                            "Acao": {
                              "Value": "@{body('Analisar_JSON_do_usuario_atual')?['acao']}"
                            }
                          }
                        },
                        "authentication": "@parameters('$authentication')"
                      }
                    },
                    "Analisar_JSON_do_usuario_atual": {
                      "runAfter": {
                        "Exibir_item_atual": [
                          "Succeeded"
                        ]
                      },
                      "metadata": {
                        "operationMetadataId": "8e323785-d116-478d-b74a-651e5b92db22"
                      },
                      "type": "ParseJson",
                      "inputs": {
                        "content": "@items('Aplicar_a_cada_usuario_do_arquivo')",
                        "schema": {
                          "type": "object",
                          "properties": {
                            "acao": {
                              "type": "string"
                            },
                            "usuario": {
                              "type": "string"
                            },
                            "grupo": {
                              "type": "string"
                            }
                          }
                        }
                      }
                    },
                    "Adicionar_Remover_usuario": {
                      "runAfter": {
                        "Criar_historico_solicitacao": [
                          "Succeeded"
                        ]
                      },
                      "metadata": {
                        "operationMetadataId": "b4784a74-8ba5-4e4a-b975-7ab26da4bce4"
                      },
                      "type": "Workflow",
                      "inputs": {
                        "host": {
                          "workflowReferenceName": "da143da2-e932-ef11-8e4e-6045bd38bd90"
                        },
                        "body": {
                          "text": "@body('Analisar_JSON_do_usuario_atual')?['acao']",
                          "text_1": "@string(body('Analisar_JSON_do_usuario_atual'))"
                        },
                        "retryPolicy": {
                          "type": "none"
                        }
                      }
                    },
                    "Resultado_adicionar_remover_usuario": {
                      "runAfter": {
                        "Adicionar_Remover_usuario": [
                          "Succeeded",
                          "TimedOut",
                          "Failed",
                          "Skipped"
                        ]
                      },
                      "metadata": {
                        "operationMetadataId": "0fe904f8-6007-4fca-8616-ff239f3920ce"
                      },
                      "type": "Compose",
                      "inputs": "@body('Adicionar_Remover_usuario')"
                    },
                    "Atualizar_usuario_Sucesso": {
                      "runAfter": {
                        "Resultado_adicionar_remover_usuario": [
                          "Succeeded"
                        ]
                      },
                      "metadata": {
                        "operationMetadataId": "ed008ab5-541d-4280-8aee-c25654dffc80"
                      },
                      "type": "OpenApiConnection",
                      "inputs": {
                        "host": {
                          "connectionName": "shared_sharepointonline",
                          "operationId": "PatchItem",
                          "apiId": "/providers/Microsoft.PowerApps/apis/shared_sharepointonline"
                        },
                        "parameters": {
                          "dataset": "https://bancoarbi.sharepoint.com/sites/GerenciarUsuarioAD",
                          "table": "@variables('_tablesharepointHistorico')",
                          "id": "@outputs('Criar_historico_solicitacao')?['body/ID']",
                          "item": {
                            "StatusExecucao": {
                              "Value": "Sucesso"
                            },
                            "Mensagem": "@{body('Adicionar_Remover_usuario')?['mensagem']}"
                          }
                        },
                        "authentication": "@parameters('$authentication')"
                      }
                    },
                    "Atualizar_usuario_falha": {
                      "runAfter": {
                        "Resultado_adicionar_remover_usuario": [
                          "Failed",
                          "TimedOut",
                          "Skipped"
                        ]
                      },
                      "metadata": {
                        "operationMetadataId": "754b1187-7bd5-4b0f-a3ab-1a798c848cce"
                      },
                      "type": "OpenApiConnection",
                      "inputs": {
                        "host": {
                          "connectionName": "shared_sharepointonline",
                          "operationId": "PatchItem",
                          "apiId": "/providers/Microsoft.PowerApps/apis/shared_sharepointonline"
                        },
                        "parameters": {
                          "dataset": "https://bancoarbi.sharepoint.com/sites/GerenciarUsuarioAD",
                          "table": "@variables('_tablesharepointHistorico')",
                          "id": "@outputs('Criar_historico_solicitacao')?['body/ID']",
                          "item": {
                            "StatusExecucao": {
                              "Value": "Falha"
                            },
                            "Mensagem": "@{body('Adicionar_Remover_usuario')?['mensagem']}"
                          }
                        },
                        "authentication": "@parameters('$authentication')"
                      }
                    },
                    "Acrescentar_à_variável_de_matriz_sucesso": {
                      "runAfter": {
                        "Atualizar_usuario_Sucesso": [
                          "Succeeded"
                        ]
                      },
                      "metadata": {
                        "operationMetadataId": "fd4a38c5-e0c1-44ac-ada0-fb127f597bb4"
                      },
                      "type": "AppendToArrayVariable",
                      "inputs": {
                        "name": "_arrGenerico",
                        "value": {
                          "resultado": "@{body('Adicionar_Remover_usuario')?['mensagem']}"
                        }
                      }
                    },
                    "Acrescentar_à_variável_de_matriz_falha": {
                      "runAfter": {
                        "Atualizar_usuario_falha": [
                          "Succeeded"
                        ]
                      },
                      "metadata": {
                        "operationMetadataId": "fd4a38c5-e0c1-44ac-ada0-fb127f597bb4"
                      },
                      "type": "AppendToArrayVariable",
                      "inputs": {
                        "name": "_arrGenerico",
                        "value": {
                          "resultado": "@{body('Adicionar_Remover_usuario')?['mensagem']}"
                        }
                      }
                    }
                  },
                  "runAfter": {},
                  "metadata": {
                    "operationMetadataId": "e796f705-a71d-429f-b4a2-9114b939c6b8"
                  },
                  "type": "Scope"
                }
              },
              "runAfter": {
                "Resultado_array_campos_selecionados": [
                  "Succeeded"
                ]
              },
              "metadata": {
                "operationMetadataId": "cadc3b0c-e963-43b2-a7b8-722fbd964b82"
              },
              "type": "Foreach"
            }
          },
          "runAfter": {
            "Primeiro_item_do_Resultado_Filtrar_arquivo_xlsx_excel": [
              "Succeeded"
            ]
          },
          "metadata": {
            "operationMetadataId": "46557068-cee2-4f9f-afa4-6c51d3424b16"
          },
          "type": "Foreach"
        },
        "Nome_arquivo_temporario": {
          "runAfter": {
            "Array_arrGenerico": [
              "Succeeded"
            ]
          },
          "metadata": {
            "operationMetadataId": "bbf2be33-5284-4c28-b957-df136980f301"
          },
          "type": "Compose",
          "inputs": "@workflow()?['run']?['name']"
        },
        "Filtrar_arquivo_xlsx": {
          "runAfter": {
            "Nome_arquivo_temporario": [
              "Succeeded"
            ]
          },
          "metadata": {
            "operationMetadataId": "66ae9c87-d451-4d75-8b42-32aeeb36024a"
          },
          "type": "Query",
          "inputs": {
            "from": "@triggerOutputs()?['body/attachments']",
            "where": "@contains(item()?['name'], '.xlsx')"
          }
        },
        "Resultado_Filtrar_arquivo_xlsx": {
          "runAfter": {
            "Filtrar_arquivo_xlsx": [
              "Succeeded"
            ]
          },
          "metadata": {
            "operationMetadataId": "e1059b9c-9bf0-44c1-9fc3-8fe80d8d7626"
          },
          "type": "Compose",
          "inputs": "@body('Filtrar_arquivo_xlsx')"
        },
        "Json_Configuiração": {
          "runAfter": {},
          "metadata": {
            "operationMetadataId": "2e7991d1-d818-4b13-81bc-08a3dae33c72"
          },
          "type": "Compose",
          "inputs": {
            "listaHistorico": "e56a2022-7bee-4f5d-b3ba-a62e4bb73838"
          }
        },
        "String_tablesharepointHistorico": {
          "runAfter": {
            "Analisar_JSON_Json_Configuiração": [
              "Succeeded"
            ]
          },
          "metadata": {
            "operationMetadataId": "81ee8337-ebcc-464c-ab9c-c3c094a5f0c0"
          },
          "type": "InitializeVariable",
          "inputs": {
            "variables": [
              {
                "name": "_tablesharepointHistorico",
                "type": "string",
                "value": "@body('Analisar_JSON_Json_Configuiração')?['listaHistorico']"
              }
            ]
          }
        },
        "Analisar_JSON_Json_Configuiração": {
          "runAfter": {
            "Json_Configuiração": [
              "Succeeded"
            ]
          },
          "metadata": {
            "operationMetadataId": "50865936-e07e-4120-aee0-19a6300d6ab1"
          },
          "type": "ParseJson",
          "inputs": {
            "content": "@outputs('Json_Configuiração')",
            "schema": {
              "type": "object",
              "properties": {
                "listaHistorico": {
                  "type": "string"
                }
              }
            }
          }
        },
        "Primeiro_item_do_Resultado_Filtrar_arquivo_xlsx_excel": {
          "runAfter": {
            "Resultado_Filtrar_arquivo_xlsx": [
              "Succeeded"
            ]
          },
          "metadata": {
            "operationMetadataId": "0e4386d0-74d5-4220-ba61-2fdc2a9a473d"
          },
          "type": "Compose",
          "inputs": [
            "@outputs('Resultado_Filtrar_arquivo_xlsx')[0]"
          ]
        },
        "Log:_nenhum_arquivo_xlsx": {
          "runAfter": {
            "Primeiro_item_do_Resultado_Filtrar_arquivo_xlsx_excel": [
              "Failed"
            ]
          },
          "metadata": {
            "operationMetadataId": "7ef7062b-6619-451c-914f-b6be0f9f17f6"
          },
          "type": "Compose",
          "inputs": "Log: nenhum arquivo xlsx",
          "description": "Em caso de nenhum anexo com formato excel xlsx"
        },
        "Montar_JSON_e-mail_sem_anexo": {
          "runAfter": {
            "Log:_nenhum_arquivo_xlsx": [
              "Succeeded"
            ]
          },
          "metadata": {
            "operationMetadataId": "590f405b-5e93-4fb6-adfb-b70f4b5e5db8"
          },
          "type": "Compose",
          "inputs": {
            "destinatario": "@{triggerOutputs()?['body/from']}",
            "title": "e-mail inválido @{triggerOutputs()?['body/subject']}",
            "corpo": "@string('Olá Prezaxos,\r\n\r\nPara o e-mail, é necessário utilizar o modelo de Excel preenchido com os usuários que serão removidos. O modelo está anexado para sua referência.\r\n\r\nAtenciosamente,\r\nsvc_powerautomate')\r\n"
          }
        },
        "Analisar_JSON_e-mail_sem_anexo": {
          "runAfter": {
            "Montar_JSON_e-mail_sem_anexo": [
              "Succeeded"
            ]
          },
          "metadata": {
            "operationMetadataId": "9260f0d3-7668-4508-bb2c-ab747688464a"
          },
          "type": "ParseJson",
          "inputs": {
            "content": "@outputs('Montar_JSON_e-mail_sem_anexo')",
            "schema": {
              "type": "object",
              "properties": {
                "destinatario": {
                  "type": "string"
                },
                "title": {
                  "type": "string"
                },
                "corpo": {
                  "type": "string"
                }
              }
            }
          }
        },
        "Enviar_um_email_(V2)": {
          "runAfter": {
            "Obter_conteúdo_de_arquivo": [
              "Succeeded"
            ]
          },
          "metadata": {
            "operationMetadataId": "94a980eb-f45d-4ee3-ad4a-c9588b2725c0"
          },
          "type": "OpenApiConnection",
          "inputs": {
            "host": {
              "connectionName": "shared_office365",
              "operationId": "SendEmailV2",
              "apiId": "/providers/Microsoft.PowerApps/apis/shared_office365"
            },
            "parameters": {
              "emailMessage/To": "@body('Analisar_JSON_e-mail_sem_anexo')?['destinatario']",
              "emailMessage/Subject": "@body('Analisar_JSON_e-mail_sem_anexo')?['title']",
              "emailMessage/Body": "<p>@{body('Analisar_JSON_e-mail_sem_anexo')?['corpo']}</p>",
              "emailMessage/Attachments": [
                {
                  "Name": "modelo_para_preencher.xlsx",
                  "ContentBytes": "@body('Obter_conteúdo_de_arquivo')"
                }
              ],
              "emailMessage/Importance": "Normal"
            },
            "authentication": "@parameters('$authentication')"
          }
        },
        "Obter_conteúdo_de_arquivo": {
          "runAfter": {
            "Analisar_JSON_e-mail_sem_anexo": [
              "Succeeded"
            ]
          },
          "metadata": {
            "%252fDocumentos%2bCompartilhados%252fModelo%252fmodelo_solicitacao_gerenciar_usuario_ad.xlsx": "/Documentos Compartilhados/Modelo/modelo_solicitacao_gerenciar_usuario_ad.xlsx",
            "operationMetadataId": "fcf814f4-049f-49ea-8448-6ebe18dcc2cb"
          },
          "type": "OpenApiConnection",
          "inputs": {
            "host": {
              "connectionName": "shared_sharepointonline",
              "operationId": "GetFileContent",
              "apiId": "/providers/Microsoft.PowerApps/apis/shared_sharepointonline"
            },
            "parameters": {
              "dataset": "https://bancoarbi.sharepoint.com/sites/GerenciarUsuarioAD",
              "id": "%252fDocumentos%2bCompartilhados%252fModelo%252fmodelo_solicitacao_gerenciar_usuario_ad.xlsx",
              "inferContentType": true
            },
            "authentication": "@parameters('$authentication')"
          }
        },
        "Array_arrGenerico": {
          "runAfter": {
            "String_tablesharepointHistorico": [
              "Succeeded"
            ]
          },
          "metadata": {
            "operationMetadataId": "2fb73e67-2fb7-4a93-9685-2ae96892edea"
          },
          "type": "InitializeVariable",
          "inputs": {
            "variables": [
              {
                "name": "_arrGenerico",
                "type": "array"
              }
            ]
          }
        }
      }
    },
    "templateName": ""
  },
  "schemaVersion": "1.0.0.0"
}